Workbook

Sheet products
A1: id_barang | B1: nama_barang | C1: kategori | D1: harga_beli (Rp) | E1: harga_jual (Rp) | F1: satuan | G1: stok_awal (1 Jan 2026) | H1: stok_saat_ini | I1: id_supplier | J1: created_at
A2: 1 | B2: Central Lock Universal | C2: Elektronik | D2: 50000 | E2: 75000 | F2: set | G2: 8 | H2: =$G2+SUMIF(purchases!$B:$B,$A2,purchases!$E:$E)-SUMIF(sales!$B:$B,$A2,sales!$D:$D) -> 5 | I2: 1 | J2: 46013.672
A3: 2 | B3: Tempat Plat Nomor Akrilik | C3: Aksesoris Eksterior | D3: 100000 | E3: 150000 | F3: set | G3: 7 | H3: =$G3+SUMIF(purchases!$B:$B,$A3,purchases!$E:$E)-SUMIF(sales!$B:$B,$A3,sales!$D:$D) -> 7 | I3: 2 | J3: 46021.401
A4: 3 | B4: Bohlam Lampu LED | C4: Lampu | D4: 35000 | E4: 50000 | F4: pcs | G4: 6 | H4: =$G4+SUMIF(purchases!$B:$B,$A4,purchases!$E:$E)-SUMIF(sales!$B:$B,$A4,sales!$D:$D) -> 9 | I4: 3 | J4: 46021.524
A5: 4 | B5: Parfum Mobil | C5: Aksesoris Interior | D5: 20000 | E5: 35000 | F5: pcs | G5: 6 | H5: =$G5+SUMIF(purchases!$B:$B,$A5,purchases!$E:$E)-SUMIF(sales!$B:$B,$A5,sales!$D:$D) -> 9 | I5: 4 | J5: 46012.649
A6: 5 | B6: Minyak Rem | C6: Perawatan | D6: 25000 | E6: 40000 | F6: botol | G6: 6 | H6: =$G6+SUMIF(purchases!$B:$B,$A6,purchases!$E:$E)-SUMIF(sales!$B:$B,$A6,sales!$D:$D) -> 3 | I6: 5 | J6: 46021.612
A7: 6 | B7: Air Radiator Besar | C7: Perawatan | D7: 100000 | E7: 150000 | F7: galon | G7: 7 | H7: =$G7+SUMIF(purchases!$B:$B,$A7,purchases!$E:$E)-SUMIF(sales!$B:$B,$A7,sales!$D:$D) -> 4 | I7: 6 | J7: 46010.486
A8: 7 | B8: Air Radiator Kecil | C8: Perawatan | D8: 15000 | E8: 25000 | F8: botol | G8: 6 | H8: =$G8+SUMIF(purchases!$B:$B,$A8,purchases!$E:$E)-SUMIF(sales!$B:$B,$A8,sales!$D:$D) -> 7 | I8: 7 | J8: 46018.363
A9: 8 | B9: Charger HP Mobil USB | C9: Elektronik | D9: 60000 | E9: 100000 | F9: pcs | G9: 7 | H9: =$G9+SUMIF(purchases!$B:$B,$A9,purchases!$E:$E)-SUMIF(sales!$B:$B,$A9,sales!$D:$D) -> 3 | I9: 8 | J9: 46008.45
A10: 9 | B10: Kaca Film Mobil | C10: Kaca Film | D10: 350000 | E10: 500000 | F10: roll | G10: 6 | H10: =$G10+SUMIF(purchases!$B:$B,$A10,purchases!$E:$E)-SUMIF(sales!$B:$B,$A10,sales!$D:$D) -> 12 | I10: 9 | J10: 46007.534
A11: 10 | B11: Talang Air Mobil | C11: Aksesoris Eksterior | D11: 150000 | E11: 250000 | F11: set | G11: 6 | H11: =$G11+SUMIF(purchases!$B:$B,$A11,purchases!$E:$E)-SUMIF(sales!$B:$B,$A11,sales!$D:$D) -> 6 | I11: 10 | J11: 46014.652
A12: 11 | B12: Wiper Standar | C12: Aksesoris Eksterior | D12: 45000 | E12: 75000 | F12: set | G12: 10 | H12: =$G12+SUMIF(purchases!$B:$B,$A12,purchases!$E:$E)-SUMIF(sales!$B:$B,$A12,sales!$D:$D) -> 7 | I12: 11 | J12: 46018.601
A13: 12 | B13: Wiper Silicone | C13: Aksesoris Eksterior | D13: 80000 | E13: 120000 | F13: set | G13: 10 | H13: =$G13+SUMIF(purchases!$B:$B,$A13,purchases!$E:$E)-SUMIF(sales!$B:$B,$A13,sales!$D:$D) -> 4 | I13: 1 | J13: 46020.456
... A26: 25 | B26: Stiker Kaca Mobil | C26: Aksesoris Eksterior | D26: 30000 | E26: 50000 | F26: lembar | G26: 7 | H26: =$G26+SUMIF(purchases!$B:$B,$A26,purchases!$E:$E)-SUMIF(sales!$B:$B,$A26,sales!$D:$D) -> 9 | I26: 3 | J26: 46019.377
A27: 26 | B27: Kaca Film 3M Black Beauty | C27: Kaca Film | D27: 720000 | E27: 800000 | F27: lembar | G27: 3 | H27: 5 | I27: 4

Sheet sales
A1: id_penjualan | B1: id_barang | C1: tanggal_keluar | D1: jumlah_terjual | E1: total_harga (Rp) | F1: created_at
A2: 1 | B2: 4 | C2: 46025 | D2: 2 | E2: =D2*VLOOKUP(B2,products!$A:$E,5,0) -> 70000 | F2: 46025.395
A3: 2 | B3: 1 | C3: 46025 | D3: 3 | E3: =D3*VLOOKUP(B3,products!$A:$E,5,0) -> 225000 | F3: 46025.421
A4: 3 | B4: 11 | C4: 46026 | D4: 3 | E4: =D4*VLOOKUP(B4,products!$A:$E,5,0) -> 225000 | F4: 46026.611
A5: 4 | B5: 17 | C5: 46027 | D5: 1 | E5: =D5*VLOOKUP(B5,products!$A:$E,5,0) -> 50000 | F5: 46027.603
A6: 5 | B6: 9 | C6: 46028 | D6: 1 | E6: =D6*VLOOKUP(B6,products!$A:$E,5,0) -> 500000 | F6: 46028.444
A7: 6 | B7: 12 | C7: 46032 | D7: 2 | E7: =D7*VLOOKUP(B7,products!$A:$E,5,0) -> 240000 | F7: 46032.669
A8: 7 | B8: 1 | C8: 46032 | D8: 3 | E8: =D8*VLOOKUP(B8,products!$A:$E,5,0) -> 225000 | F8: 46032.342
A9: 8 | B9: 12 | C9: 46034 | D9: 2 | E9: =D9*VLOOKUP(B9,products!$A:$E,5,0) -> 240000 | F9: 46034.485
A10: 9 | B10: 24 | C10: 46036 | D10: 1 | E10: =D10*VLOOKUP(B10,products!$A:$E,5,0) -> 35000 | F10: 46036.639
A11: 10 | B11: 21 | C11: 46038 | D11: 1 | E11: =D11*VLOOKUP(B11,products!$A:$E,5,0) -> 250000 | F11: 46038.481
A12: 11 | B12: 17 | C12: 46042 | D12: 3 | E12: =D12*VLOOKUP(B12,products!$A:$E,5,0) -> 150000 | F12: 46042.522
A13: 12 | B13: 3 | C13: 46042 | D13: 2 | E13: =D13*VLOOKUP(B13,products!$A:$E,5,0) -> 100000 | F13: 46042.396
... A100: 99 | B100: 24 | C100: 46172 | D100: 1 | E100: =D100*VLOOKUP(B100,products!$A:$E,5,0) -> 35000 | F100: 46172.529

Sheet purchases
A1: id_pembelian | B1: id_barang | C1: id_supplier | D1: tanggal_masuk | E1: jumlah_masuk | F1: created_at
A2: 1 | B2: 1 | C2: 1 | D2: 46035 | E2: 7 | F2: 46035.42
A3: 2 | B3: 4 | C3: 4 | D3: 46049 | E3: 10 | F3: 46049.361
A4: 3 | B4: 3 | C4: 3 | D4: 46070 | E4: 11 | F4: 46070.405
A5: 4 | B5: 19 | C5: 8 | D5: 46081 | E5: 7 | F5: 46081.409
A6: 5 | B6: 7 | C6: 7 | D6: 46092 | E6: 9 | F6: 46092.401
A7: 6 | B7: 17 | C7: 6 | D7: 46095 | E7: 10 | F7: 46095.391
A8: 7 | B8: 15 | C8: 4 | D8: 46100 | E8: 10 | F8: 46100.368
A9: 8 | B9: 23 | C9: 1 | D9: 46115 | E9: 10 | F9: 46115.451
A10: 9 | B10: 9 | C10: 9 | D10: 46129 | E10: 10 | F10: 46129.359
A11: 10 | B11: 24 | C11: 2 | D11: 46130 | E11: 7 | F11: 46130.439
A12: 11 | B12: 13 | C12: 2 | D12: 46143 | E12: 10 | F12: 46143.407
A13: 12 | B13: 25 | C13: 3 | D13: 46144 | E13: 10 | F13: 46144.401
... A16: 15 | B16: 11 | C16: 11 | D16: 46168 | E16: 6 | F16: 46168.375

Sheet Supplier
B1: DAFTAR SUPPLIER - TOKO BUDI VARIASI NGAWI
B2: Jl. P. Diponegoro No. 23, Ngawi, Jawa Timur
A4: id_supplier | B4: Nama Supplier | C4: kontak_person | D4: Alamat | E4: lead_time_rata_rata (hari) | F4: Status
A5: 1 | B5: Grosir Variasi Mobil | C5: Andi Prasetyo | D5: Jl. Wolter Monginsidi, Pedurungan, Semarang | E5: 3 | F5: Aktif
A6: 2 | B6: Toko Sinar Jaya Variasi Mobil | C6: Rina Sari | D6: Jl. MT. Haryono No.628, Semarang | E6: 2 | F6: Aktif
A7: 3 | B7: Istana Stadion Variasi Mobil | C7: Hendra Wijaya | D7: Jl. Stadion Selatan, Semarang | E7: 4 | F7: Aktif
A8: 4 | B8: Ristana Variasi Sompok | C8: Eko Saputra | D8: Jl. Sompok Baru, Semarang | E8: 3 | F8: Aktif
A9: 5 | B9: FAA Variasi | C9: Fitri Anggraini | D9: Jl. Majapahit, Semarang | E9: 5 | F9: Aktif
A10: 6 | B10: JA Auto Bodykit | C10: Joko Santoso | D10: Jl. Siliwangi, Semarang | E10: 7 | F10: Aktif
A11: 7 | B11: UD Enggal Jaya | C11: Agus Nugroho | D11: Jl. Raya Magetan, Magetan | E11: 5 | F11: Aktif
A12: 8 | B12: D2 Audio Variasi | C12: Dedi Kurniawan | D12: Jl. Ahmad Yani, Magetan | E12: 4 | F12: Aktif
A13: 9 | B13: Olimart Sanjaya Motor | C13: Santi Wulandari | D13: Jl. Diponegoro, Magetan | E13: 6 | F13: Aktif
A14: 10 | B14: Prima Motor Variasi | C14: Rudi Hartono | D14: Jl. Sukowati, Magetan | E14: 5 | F14: Aktif
A15: 11 | B15: Variasi Mobil Sukowati | C15: Bambang Setiawan | D15: Jl. Sukowati Barat, Magetan | E15: 4 | F15: Aktif

Sheet Rekap_Penjualan_Bulanan
A1: id_barang | B1: nama_barang | C1: Jan 2026 | D1: Feb 2026 | E1: Mar 2026 | F1: Apr 2026 | G1: Mei 2026 | H1: Total
A2: 1 | B2: =products!B2 -> Central Lock Universal | C2: =SUMIFS(sales!$D:$D,sales!$B:$B,$A2,sales!$C:$C,">="&DATE(2026,1,1),sales!$C:$C,"<="&DATE(2026,1,31)) -> 7 | D2: =SUMIFS(sales!$D:$D,sales!$B:$B,$A2,sales!$C:$C,">="&DATE(2026,2,1),sales!$C:$C,"<="&DATE(2026,2,28)) -> 0 | E2: =SUMIFS(sales!$D:$D,sales!$B:$B,$A2,sales!$C:$C,">="&DATE(2026,3,1),sales!$C:$C,"<="&DATE(2026,3,31)) -> 3 | F2: =SUMIFS(sales!$D:$D,sales!$B:$B,$A2,sales!$C:$C,">="&DATE(2026,4,1),sales!$C:$C,"<="&DATE(2026,4,30)) -> 0 | G2: =SUMIFS(sales!$D:$D,sales!$B:$B,$A2,sales!$C:$C,">="&DATE(2026,5,1),sales!$C:$C,"<="&DATE(2026,5,31)) -> 0 | H2: =SUM(C2:G2) -> 10
A3: 2 | B3: =products!B3 -> Tempat Plat Nomor Akrilik | C3: =SUMIFS(sales!$D:$D,sales!$B:$B,$A3,sales!$C:$C,">="&DATE(2026,1,1),sales!$C:$C,"<="&DATE(2026,1,31)) -> 0 | D3: =SUMIFS(sales!$D:$D,sales!$B:$B,$A3,sales!$C:$C,">="&DATE(2026,2,1),sales!$C:$C,"<="&DATE(2026,2,28)) -> 0 | E3: =SUMIFS(sales!$D:$D,sales!$B:$B,$A3,sales!$C:$C,">="&DATE(2026,3,1),sales!$C:$C,"<="&DATE(2026,3,31)) -> 0 | F3: =SUMIFS(sales!$D:$D,sales!$B:$B,$A3,sales!$C:$C,">="&DATE(2026,4,1),sales!$C:$C,"<="&DATE(2026,4,30)) -> 0 | G3: =SUMIFS(sales!$D:$D,sales!$B:$B,$A3,sales!$C:$C,">="&DATE(2026,5,1),sales!$C:$C,"<="&DATE(2026,5,31)) -> 6 | H3: =SUM(C3:G3) -> 6
A4: 3 | B4: =products!B4 -> Bohlam Lampu LED | C4: =SUMIFS(sales!$D:$D,sales!$B:$B,$A4,sales!$C:$C,">="&DATE(2026,1,1),sales!$C:$C,"<="&DATE(2026,1,31)) -> 2 | D4: =SUMIFS(sales!$D:$D,sales!$B:$B,$A4,sales!$C:$C,">="&DATE(2026,2,1),sales!$C:$C,"<="&DATE(2026,2,28)) -> 5 | E4: =SUMIFS(sales!$D:$D,sales!$B:$B,$A4,sales!$C:$C,">="&DATE(2026,3,1),sales!$C:$C,"<="&DATE(2026,3,31)) -> 1 | F4: =SUMIFS(sales!$D:$D,sales!$B:$B,$A4,sales!$C:$C,">="&DATE(2026,4,1),sales!$C:$C,"<="&DATE(2026,4,30)) -> 0 | G4: =SUMIFS(sales!$D:$D,sales!$B:$B,$A4,sales!$C:$C,">="&DATE(2026,5,1),sales!$C:$C,"<="&DATE(2026,5,31)) -> 0 | H4: =SUM(C4:G4) -> 8
A5: 4 | B5: =products!B5 -> Parfum Mobil | C5: =SUMIFS(sales!$D:$D,sales!$B:$B,$A5,sales!$C:$C,">="&DATE(2026,1,1),sales!$C:$C,"<="&DATE(2026,1,31)) -> 4 | D5: =SUMIFS(sales!$D:$D,sales!$B:$B,$A5,sales!$C:$C,">="&DATE(2026,2,1),sales!$C:$C,"<="&DATE(2026,2,28)) -> 0 | E5: =SUMIFS(sales!$D:$D,sales!$B:$B,$A5,sales!$C:$C,">="&DATE(2026,3,1),sales!$C:$C,"<="&DATE(2026,3,31)) -> 1 | F5: =SUMIFS(sales!$D:$D,sales!$B:$B,$A5,sales!$C:$C,">="&DATE(2026,4,1),sales!$C:$C,"<="&DATE(2026,4,30)) -> 2 | G5: =SUMIFS(sales!$D:$D,sales!$B:$B,$A5,sales!$C:$C,">="&DATE(2026,5,1),sales!$C:$C,"<="&DATE(2026,5,31)) -> 0 | H5: =SUM(C5:G5) -> 7
A6: 5 | B6: =products!B6 -> Minyak Rem | C6: =SUMIFS(sales!$D:$D,sales!$B:$B,$A6,sales!$C:$C,">="&DATE(2026,1,1),sales!$C:$C,"<="&DATE(2026,1,31)) -> 0 | D6: =SUMIFS(sales!$D:$D,sales!$B:$B,$A6,sales!$C:$C,">="&DATE(2026,2,1),sales!$C:$C,"<="&DATE(2026,2,28)) -> 1 | E6: =SUMIFS(sales!$D:$D,sales!$B:$B,$A6,sales!$C:$C,">="&DATE(2026,3,1),sales!$C:$C,"<="&DATE(2026,3,31)) -> 0 | F6: =SUMIFS(sales!$D:$D,sales!$B:$B,$A6,sales!$C:$C,">="&DATE(2026,4,1),sales!$C:$C,"<="&DATE(2026,4,30)) -> 0 | G6: =SUMIFS(sales!$D:$D,sales!$B:$B,$A6,sales!$C:$C,">="&DATE(2026,5,1),sales!$C:$C,"<="&DATE(2026,5,31)) -> 2 | H6: =SUM(C6:G6) -> 3
A7: 6 | B7: =products!B7 -> Air Radiator Besar | C7: =SUMIFS(sales!$D:$D,sales!$B:$B,$A7,sales!$C:$C,">="&DATE(2026,1,1),sales!$C:$C,"<="&DATE(2026,1,31)) -> 0 | D7: =SUMIFS(sales!$D:$D,sales!$B:$B,$A7,sales!$C:$C,">="&DATE(2026,2,1),sales!$C:$C,"<="&DATE(2026,2,28)) -> 1 | E7: =SUMIFS(sales!$D:$D,sales!$B:$B,$A7,sales!$C:$C,">="&DATE(2026,3,1),sales!$C:$C,"<="&DATE(2026,3,31)) -> 0 | F7: =SUMIFS(sales!$D:$D,sales!$B:$B,$A7,sales!$C:$C,">="&DATE(2026,4,1),sales!$C:$C,"<="&DATE(2026,4,30)) -> 2 | G7: =SUMIFS(sales!$D:$D,sales!$B:$B,$A7,sales!$C:$C,">="&DATE(2026,5,1),sales!$C:$C,"<="&DATE(2026,5,31)) -> 0 | H7: =SUM(C7:G7) -> 3
A8: 7 | B8: =products!B8 -> Air Radiator Kecil | C8: =SUMIFS(sales!$D:$D,sales!$B:$B,$A8,sales!$C:$C,">="&DATE(2026,1,1),sales!$C:$C,"<="&DATE(2026,1,31)) -> 0 | D8: =SUMIFS(sales!$D:$D,sales!$B:$B,$A8,sales!$C:$C,">="&DATE(2026,2,1),sales!$C:$C,"<="&DATE(2026,2,28)) -> 2 | E8: =SUMIFS(sales!$D:$D,sales!$B:$B,$A8,sales!$C:$C,">="&DATE(2026,3,1),sales!$C:$C,"<="&DATE(2026,3,31)) -> 3 | F8: =SUMIFS(sales!$D:$D,sales!$B:$B,$A8,sales!$C:$C,">="&DATE(2026,4,1),sales!$C:$C,"<="&DATE(2026,4,30)) -> 0 | G8: =SUMIFS(sales!$D:$D,sales!$B:$B,$A8,sales!$C:$C,">="&DATE(2026,5,1),sales!$C:$C,"<="&DATE(2026,5,31)) -> 3 | H8: =SUM(C8:G8) -> 8
A9: 8 | B9: =products!B9 -> Charger HP Mobil USB | C9: =SUMIFS(sales!$D:$D,sales!$B:$B,$A9,sales!$C:$C,">="&DATE(2026,1,1),sales!$C:$C,"<="&DATE(2026,1,31)) -> 0 | D9: =SUMIFS(sales!$D:$D,sales!$B:$B,$A9,sales!$C:$C,">="&DATE(2026,2,1),sales!$C:$C,"<="&DATE(2026,2,28)) -> 2 | E9: =SUMIFS(sales!$D:$D,sales!$B:$B,$A9,sales!$C:$C,">="&DATE(2026,3,1),sales!$C:$C,"<="&DATE(2026,3,31)) -> 2 | F9: =SUMIFS(sales!$D:$D,sales!$B:$B,$A9,sales!$C:$C,">="&DATE(2026,4,1),sales!$C:$C,"<="&DATE(2026,4,30)) -> 0 | G9: =SUMIFS(sales!$D:$D,sales!$B:$B,$A9,sales!$C:$C,">="&DATE(2026,5,1),sales!$C:$C,"<="&DATE(2026,5,31)) -> 0 | H9: =SUM(C9:G9) -> 4
A10: 9 | B10: =products!B10 -> Kaca Film Mobil | C10: =SUMIFS(sales!$D:$D,sales!$B:$B,$A10,sales!$C:$C,">="&DATE(2026,1,1),sales!$C:$C,"<="&DATE(2026,1,31)) -> 1 | D10: =SUMIFS(sales!$D:$D,sales!$B:$B,$A10,sales!$C:$C,">="&DATE(2026,2,1),sales!$C:$C,"<="&DATE(2026,2,28)) -> 0 | E10: =SUMIFS(sales!$D:$D,sales!$B:$B,$A10,sales!$C:$C,">="&DATE(2026,3,1),sales!$C:$C,"<="&DATE(2026,3,31)) -> 1 | F10: =SUMIFS(sales!$D:$D,sales!$B:$B,$A10,sales!$C:$C,">="&DATE(2026,4,1),sales!$C:$C,"<="&DATE(2026,4,30)) -> 2 | G10: =SUMIFS(sales!$D:$D,sales!$B:$B,$A10,sales!$C:$C,">="&DATE(2026,5,1),sales!$C:$C,"<="&DATE(2026,5,31)) -> 0 | H10: =SUM(C10:G10) -> 4
A11: 10 | B11: =products!B11 -> Talang Air Mobil | C11: =SUMIFS(sales!$D:$D,sales!$B:$B,$A11,sales!$C:$C,">="&DATE(2026,1,1),sales!$C:$C,"<="&DATE(2026,1,31)) -> 0 | D11: =SUMIFS(sales!$D:$D,sales!$B:$B,$A11,sales!$C:$C,">="&DATE(2026,2,1),sales!$C:$C,"<="&DATE(2026,2,28)) -> 0 | E11: =SUMIFS(sales!$D:$D,sales!$B:$B,$A11,sales!$C:$C,">="&DATE(2026,3,1),sales!$C:$C,"<="&DATE(2026,3,31)) -> 0 | F11: =SUMIFS(sales!$D:$D,sales!$B:$B,$A11,sales!$C:$C,">="&DATE(2026,4,1),sales!$C:$C,"<="&DATE(2026,4,30)) -> 0 | G11: =SUMIFS(sales!$D:$D,sales!$B:$B,$A11,sales!$C:$C,">="&DATE(2026,5,1),sales!$C:$C,"<="&DATE(2026,5,31)) -> 0 | H11: =SUM(C11:G11) -> 0
A12: 11 | B12: =products!B12 -> Wiper Standar | C12: =SUMIFS(sales!$D:$D,sales!$B:$B,$A12,sales!$C:$C,">="&DATE(2026,1,1),sales!$C:$C,"<="&DATE(2026,1,31)) -> 3 | D12: =SUMIFS(sales!$D:$D,sales!$B:$B,$A12,sales!$C:$C,">="&DATE(2026,2,1),sales!$C:$C,"<="&DATE(2026,2,28)) -> 0 | E12: =SUMIFS(sales!$D:$D,sales!$B:$B,$A12,sales!$C:$C,">="&DATE(2026,3,1),sales!$C:$C,"<="&DATE(2026,3,31)) -> 2 | F12: =SUMIFS(sales!$D:$D,sales!$B:$B,$A12,sales!$C:$C,">="&DATE(2026,4,1),sales!$C:$C,"<="&DATE(2026,4,30)) -> 2 | G12: =SUMIFS(sales!$D:$D,sales!$B:$B,$A12,sales!$C:$C,">="&DATE(2026,5,1),sales!$C:$C,"<="&DATE(2026,5,31)) -> 2 | H12: =SUM(C12:G12) -> 9
A13: 12 | B13: =products!B13 -> Wiper Silicone | C13: =SUMIFS(sales!$D:$D,sales!$B:$B,$A13,sales!$C:$C,">="&DATE(2026,1,1),sales!$C:$C,"<="&DATE(2026,1,31)) -> 4 | D13: =SUMIFS(sales!$D:$D,sales!$B:$B,$A13,sales!$C:$C,">="&DATE(2026,2,1),sales!$C:$C,"<="&DATE(2026,2,28)) -> 0 | E13: =SUMIFS(sales!$D:$D,sales!$B:$B,$A13,sales!$C:$C,">="&DATE(2026,3,1),sales!$C:$C,"<="&DATE(2026,3,31)) -> 0 | F13: =SUMIFS(sales!$D:$D,sales!$B:$B,$A13,sales!$C:$C,">="&DATE(2026,4,1),sales!$C:$C,"<="&DATE(2026,4,30)) -> 2 | G13: =SUMIFS(sales!$D:$D,sales!$B:$B,$A13,sales!$C:$C,">="&DATE(2026,5,1),sales!$C:$C,"<="&DATE(2026,5,31)) -> 0 | H13: =SUM(C13:G13) -> 6
... A26: 25 | B26: =products!B26 -> Stiker Kaca Mobil | C26: =SUMIFS(sales!$D:$D,sales!$B:$B,$A26,sales!$C:$C,">="&DATE(2026,1,1),sales!$C:$C,"<="&DATE(2026,1,31)) -> 0 | D26: =SUMIFS(sales!$D:$D,sales!$B:$B,$A26,sales!$C:$C,">="&DATE(2026,2,1),sales!$C:$C,"<="&DATE(2026,2,28)) -> 1 | E26: =SUMIFS(sales!$D:$D,sales!$B:$B,$A26,sales!$C:$C,">="&DATE(2026,3,1),sales!$C:$C,"<="&DATE(2026,3,31)) -> 2 | F26: =SUMIFS(sales!$D:$D,sales!$B:$B,$A26,sales!$C:$C,">="&DATE(2026,4,1),sales!$C:$C,"<="&DATE(2026,4,30)) -> 2 | G26: =SUMIFS(sales!$D:$D,sales!$B:$B,$A26,sales!$C:$C,">="&DATE(2026,5,1),sales!$C:$C,"<="&DATE(2026,5,31)) -> 3 | H26: =SUM(C26:G26) -> 8

Sheet Rekap_Regresi_Linear
A1: id | B1: nama_barang | C1: Jan (X=1) | D1: Feb (X=2) | E1: Mar (X=3) | F1: Apr (X=4) | G1: Mei (X=5) | H1: ΣX | I1: ΣY | J1: ΣXY | K1: ΣX² | L1: b (slope) | M1: a (intercept) | N1: Y' Prediksi Jun | O1: d (unit/hari) | P1: Lead Time L (hari) | Q1: Safety Stock (SS) | R1: Reorder Point (ROP) | S1: Stok Saat Ini | T1: Status | U1: Supplier
A2: 1 | B2: =products!B2 -> Central Lock Universal | C2: =Rekap_Penjualan_Bulanan!C2 -> 7 | D2: =Rekap_Penjualan_Bulanan!D2 -> 0 | E2: =Rekap_Penjualan_Bulanan!E2 -> 3 | F2: =Rekap_Penjualan_Bulanan!F2 -> 0 | G2: =Rekap_Penjualan_Bulanan!G2 -> 0 | H2: =1+2+3+4+5 -> 15 | I2: =SUM(C2:G2) -> 10 | J2: =SUMPRODUCT({1,2,3,4,5},C2:G2) -> 16 | K2: =1^2+2^2+3^2+4^2+5^2 -> 55 | L2: =SLOPE(C2:G2,{1,2,3,4,5}) -> -1.4 | M2: =INTERCEPT(C2:G2,{1,2,3,4,5}) -> 6.2 | N2: =M2+L2*6 -> -2.2 | O2: =ROUND(N2/30,2) -> -0.07 | P2: =VLOOKUP(products!I2,Supplier!$A:$E,5,0) -> 3 | Q2: =MAX(1,ROUNDUP(O2*P2*0.5,0)) -> 1 | R2: =ROUNDUP(O2*P2+Q2,0) -> 1 | S2: =products!H2 -> 5 | T2: =IF(S2<=Q2,"Kritis",IF(S2<=R2,"Menipis","Aman")) -> Aman | U2: =VLOOKUP(products!I2,Supplier!$A:$B,2,0) -> Grosir Variasi Mobil
A3: 2 | B3: =products!B3 -> Tempat Plat Nomor Akrilik | C3: =Rekap_Penjualan_Bulanan!C3 -> 0 | D3: =Rekap_Penjualan_Bulanan!D3 -> 0 | E3: =Rekap_Penjualan_Bulanan!E3 -> 0 | F3: =Rekap_Penjualan_Bulanan!F3 -> 0 | G3: =Rekap_Penjualan_Bulanan!G3 -> 6 | H3: =1+2+3+4+5 -> 15 | I3: =SUM(C3:G3) -> 6 | J3: =SUMPRODUCT({1,2,3,4,5},C3:G3) -> 30 | K3: =1^2+2^2+3^2+4^2+5^2 -> 55 | L3: =SLOPE(C3:G3,{1,2,3,4,5}) -> 1.2 | M3: =INTERCEPT(C3:G3,{1,2,3,4,5}) -> -2.4 | N3: =M3+L3*6 -> 4.8 | O3: =ROUND(N3/30,2) -> 0.16 | P3: =VLOOKUP(products!I3,Supplier!$A:$E,5,0) -> 2 | Q3: =MAX(1,ROUNDUP(O3*P3*0.5,0)) -> 1 | R3: =ROUNDUP(O3*P3+Q3,0) -> 2 | S3: =products!H3 -> 7 | T3: =IF(S3<=Q3,"Kritis",IF(S3<=R3,"Menipis","Aman")) -> Aman | U3: =VLOOKUP(products!I3,Supplier!$A:$B,2,0) -> Toko Sinar Jaya Variasi Mobil
A4: 3 | B4: =products!B4 -> Bohlam Lampu LED | C4: =Rekap_Penjualan_Bulanan!C4 -> 2 | D4: =Rekap_Penjualan_Bulanan!D4 -> 5 | E4: =Rekap_Penjualan_Bulanan!E4 -> 1 | F4: =Rekap_Penjualan_Bulanan!F4 -> 0 | G4: =Rekap_Penjualan_Bulanan!G4 -> 0 | H4: =1+2+3+4+5 -> 15 | I4: =SUM(C4:G4) -> 8 | J4: =SUMPRODUCT({1,2,3,4,5},C4:G4) -> 15 | K4: =1^2+2^2+3^2+4^2+5^2 -> 55 | L4: =SLOPE(C4:G4,{1,2,3,4,5}) -> -0.9 | M4: =INTERCEPT(C4:G4,{1,2,3,4,5}) -> 4.3 | N4: =M4+L4*6 -> -1.1 | O4: =ROUND(N4/30,2) -> -0.04 | P4: =VLOOKUP(products!I4,Supplier!$A:$E,5,0) -> 4 | Q4: =MAX(1,ROUNDUP(O4*P4*0.5,0)) -> 1 | R4: =ROUNDUP(O4*P4+Q4,0) -> 1 | S4: =products!H4 -> 9 | T4: =IF(S4<=Q4,"Kritis",IF(S4<=R4,"Menipis","Aman")) -> Aman | U4: =VLOOKUP(products!I4,Supplier!$A:$B,2,0) -> Istana Stadion Variasi Mobil
A5: 4 | B5: =products!B5 -> Parfum Mobil | C5: =Rekap_Penjualan_Bulanan!C5 -> 4 | D5: =Rekap_Penjualan_Bulanan!D5 -> 0 | E5: =Rekap_Penjualan_Bulanan!E5 -> 1 | F5: =Rekap_Penjualan_Bulanan!F5 -> 2 | G5: =Rekap_Penjualan_Bulanan!G5 -> 0 | H5: =1+2+3+4+5 -> 15 | I5: =SUM(C5:G5) -> 7 | J5: =SUMPRODUCT({1,2,3,4,5},C5:G5) -> 15 | K5: =1^2+2^2+3^2+4^2+5^2 -> 55 | L5: =SLOPE(C5:G5,{1,2,3,4,5}) -> -0.6 | M5: =INTERCEPT(C5:G5,{1,2,3,4,5}) -> 3.2 | N5: =M5+L5*6 -> -0.4 | O5: =ROUND(N5/30,2) -> -0.01 | P5: =VLOOKUP(products!I5,Supplier!$A:$E,5,0) -> 3 | Q5: =MAX(1,ROUNDUP(O5*P5*0.5,0)) -> 1 | R5: =ROUNDUP(O5*P5+Q5,0) -> 1 | S5: =products!H5 -> 9 | T5: =IF(S5<=Q5,"Kritis",IF(S5<=R5,"Menipis","Aman")) -> Aman | U5: =VLOOKUP(products!I5,Supplier!$A:$B,2,0) -> Ristana Variasi Sompok
A6: 5 | B6: =products!B6 -> Minyak Rem | C6: =Rekap_Penjualan_Bulanan!C6 -> 0 | D6: =Rekap_Penjualan_Bulanan!D6 -> 1 | E6: =Rekap_Penjualan_Bulanan!E6 -> 0 | F6: =Rekap_Penjualan_Bulanan!F6 -> 0 | G6: =Rekap_Penjualan_Bulanan!G6 -> 2 | H6: =1+2+3+4+5 -> 15 | I6: =SUM(C6:G6) -> 3 | J6: =SUMPRODUCT({1,2,3,4,5},C6:G6) -> 12 | K6: =1^2+2^2+3^2+4^2+5^2 -> 55 | L6: =SLOPE(C6:G6,{1,2,3,4,5}) -> 0.3 | M6: =INTERCEPT(C6:G6,{1,2,3,4,5}) -> -0.3 | N6: =M6+L6*6 -> 1.5 | O6: =ROUND(N6/30,2) -> 0.05 | P6: =VLOOKUP(products!I6,Supplier!$A:$E,5,0) -> 5 | Q6: =MAX(1,ROUNDUP(O6*P6*0.5,0)) -> 1 | R6: =ROUNDUP(O6*P6+Q6,0) -> 2 | S6: =products!H6 -> 3 | T6: =IF(S6<=Q6,"Kritis",IF(S6<=R6,"Menipis","Aman")) -> Aman | U6: =VLOOKUP(products!I6,Supplier!$A:$B,2,0) -> FAA Variasi
A7: 6 | B7: =products!B7 -> Air Radiator Besar | C7: =Rekap_Penjualan_Bulanan!C7 -> 0 | D7: =Rekap_Penjualan_Bulanan!D7 -> 1 | E7: =Rekap_Penjualan_Bulanan!E7 -> 0 | F7: =Rekap_Penjualan_Bulanan!F7 -> 2 | G7: =Rekap_Penjualan_Bulanan!G7 -> 0 | H7: =1+2+3+4+5 -> 15 | I7: =SUM(C7:G7) -> 3 | J7: =SUMPRODUCT({1,2,3,4,5},C7:G7) -> 10 | K7: =1^2+2^2+3^2+4^2+5^2 -> 55 | L7: =SLOPE(C7:G7,{1,2,3,4,5}) -> 0.1 | M7: =INTERCEPT(C7:G7,{1,2,3,4,5}) -> 0.3 | N7: =M7+L7*6 -> 0.9 | O7: =ROUND(N7/30,2) -> 0.03 | P7: =VLOOKUP(products!I7,Supplier!$A:$E,5,0) -> 7 | Q7: =MAX(1,ROUNDUP(O7*P7*0.5,0)) -> 1 | R7: =ROUNDUP(O7*P7+Q7,0) -> 2 | S7: =products!H7 -> 4 | T7: =IF(S7<=Q7,"Kritis",IF(S7<=R7,"Menipis","Aman")) -> Aman | U7: =VLOOKUP(products!I7,Supplier!$A:$B,2,0) -> JA Auto Bodykit
A8: 7 | B8: =products!B8 -> Air Radiator Kecil | C8: =Rekap_Penjualan_Bulanan!C8 -> 0 | D8: =Rekap_Penjualan_Bulanan!D8 -> 2 | E8: =Rekap_Penjualan_Bulanan!E8 -> 3 | F8: =Rekap_Penjualan_Bulanan!F8 -> 0 | G8: =Rekap_Penjualan_Bulanan!G8 -> 3 | H8: =1+2+3+4+5 -> 15 | I8: =SUM(C8:G8) -> 8 | J8: =SUMPRODUCT({1,2,3,4,5},C8:G8) -> 28 | K8: =1^2+2^2+3^2+4^2+5^2 -> 55 | L8: =SLOPE(C8:G8,{1,2,3,4,5}) -> 0.4 | M8: =INTERCEPT(C8:G8,{1,2,3,4,5}) -> 0.4 | N8: =M8+L8*6 -> 2.8 | O8: =ROUND(N8/30,2) -> 0.09 | P8: =VLOOKUP(products!I8,Supplier!$A:$E,5,0) -> 5 | Q8: =MAX(1,ROUNDUP(O8*P8*0.5,0)) -> 1 | R8: =ROUNDUP(O8*P8+Q8,0) -> 2 | S8: =products!H8 -> 7 | T8: =IF(S8<=Q8,"Kritis",IF(S8<=R8,"Menipis","Aman")) -> Aman | U8: =VLOOKUP(products!I8,Supplier!$A:$B,2,0) -> UD Enggal Jaya
A9: 8 | B9: =products!B9 -> Charger HP Mobil USB | C9: =Rekap_Penjualan_Bulanan!C9 -> 0 | D9: =Rekap_Penjualan_Bulanan!D9 -> 2 | E9: =Rekap_Penjualan_Bulanan!E9 -> 2 | F9: =Rekap_Penjualan_Bulanan!F9 -> 0 | G9: =Rekap_Penjualan_Bulanan!G9 -> 0 | H9: =1+2+3+4+5 -> 15 | I9: =SUM(C9:G9) -> 4 | J9: =SUMPRODUCT({1,2,3,4,5},C9:G9) -> 10 | K9: =1^2+2^2+3^2+4^2+5^2 -> 55 | L9: =SLOPE(C9:G9,{1,2,3,4,5}) -> -0.2 | M9: =INTERCEPT(C9:G9,{1,2,3,4,5}) -> 1.4 | N9: =M9+L9*6 -> 0.2 | O9: =ROUND(N9/30,2) -> 0.01 | P9: =VLOOKUP(products!I9,Supplier!$A:$E,5,0) -> 4 | Q9: =MAX(1,ROUNDUP(O9*P9*0.5,0)) -> 1 | R9: =ROUNDUP(O9*P9+Q9,0) -> 2 | S9: =products!H9 -> 3 | T9: =IF(S9<=Q9,"Kritis",IF(S9<=R9,"Menipis","Aman")) -> Aman | U9: =VLOOKUP(products!I9,Supplier!$A:$B,2,0) -> D2 Audio Variasi
A10: 9 | B10: =products!B10 -> Kaca Film Mobil | C10: =Rekap_Penjualan_Bulanan!C10 -> 1 | D10: =Rekap_Penjualan_Bulanan!D10 -> 0 | E10: =Rekap_Penjualan_Bulanan!E10 -> 1 | F10: =Rekap_Penjualan_Bulanan!F10 -> 2 | G10: =Rekap_Penjualan_Bulanan!G10 -> 0 | H10: =1+2+3+4+5 -> 15 | I10: =SUM(C10:G10) -> 4 | J10: =SUMPRODUCT({1,2,3,4,5},C10:G10) -> 12 | K10: =1^2+2^2+3^2+4^2+5^2 -> 55 | L10: =SLOPE(C10:G10,{1,2,3,4,5}) -> 0 | M10: =INTERCEPT(C10:G10,{1,2,3,4,5}) -> 0.8 | N10: =M10+L10*6 -> 0.8 | O10: =ROUND(N10/30,2) -> 0.03 | P10: =VLOOKUP(products!I10,Supplier!$A:$E,5,0) -> 6 | Q10: =MAX(1,ROUNDUP(O10*P10*0.5,0)) -> 1 | R10: =ROUNDUP(O10*P10+Q10,0) -> 2 | S10: =products!H10 -> 12 | T10: =IF(S10<=Q10,"Kritis",IF(S10<=R10,"Menipis","Aman")) -> Aman | U10: =VLOOKUP(products!I10,Supplier!$A:$B,2,0) -> Olimart Sanjaya Motor
A11: 10 | B11: =products!B11 -> Talang Air Mobil | C11: =Rekap_Penjualan_Bulanan!C11 -> 0 | D11: =Rekap_Penjualan_Bulanan!D11 -> 0 | E11: =Rekap_Penjualan_Bulanan!E11 -> 0 | F11: =Rekap_Penjualan_Bulanan!F11 -> 0 | G11: =Rekap_Penjualan_Bulanan!G11 -> 0 | H11: =1+2+3+4+5 -> 15 | I11: =SUM(C11:G11) -> 0 | J11: =SUMPRODUCT({1,2,3,4,5},C11:G11) -> 0 | K11: =1^2+2^2+3^2+4^2+5^2 -> 55 | L11: =SLOPE(C11:G11,{1,2,3,4,5}) -> 0 | M11: =INTERCEPT(C11:G11,{1,2,3,4,5}) -> 0 | N11: =M11+L11*6 -> 0 | O11: =ROUND(N11/30,2) -> 0 | P11: =VLOOKUP(products!I11,Supplier!$A:$E,5,0) -> 5 | Q11: =MAX(1,ROUNDUP(O11*P11*0.5,0)) -> 1 | R11: =ROUNDUP(O11*P11+Q11,0) -> 1 | S11: =products!H11 -> 6 | T11: =IF(S11<=Q11,"Kritis",IF(S11<=R11,"Menipis","Aman")) -> Aman | U11: =VLOOKUP(products!I11,Supplier!$A:$B,2,0) -> Prima Motor Variasi
A12: 11 | B12: =products!B12 -> Wiper Standar | C12: =Rekap_Penjualan_Bulanan!C12 -> 3 | D12: =Rekap_Penjualan_Bulanan!D12 -> 0 | E12: =Rekap_Penjualan_Bulanan!E12 -> 2 | F12: =Rekap_Penjualan_Bulanan!F12 -> 2 | G12: =Rekap_Penjualan_Bulanan!G12 -> 2 | H12: =1+2+3+4+5 -> 15 | I12: =SUM(C12:G12) -> 9 | J12: =SUMPRODUCT({1,2,3,4,5},C12:G12) -> 27 | K12: =1^2+2^2+3^2+4^2+5^2 -> 55 | L12: =SLOPE(C12:G12,{1,2,3,4,5}) -> 0 | M12: =INTERCEPT(C12:G12,{1,2,3,4,5}) -> 1.8 | N12: =M12+L12*6 -> 1.8 | O12: =ROUND(N12/30,2) -> 0.06 | P12: =VLOOKUP(products!I12,Supplier!$A:$E,5,0) -> 4 | Q12: =MAX(1,ROUNDUP(O12*P12*0.5,0)) -> 1 | R12: =ROUNDUP(O12*P12+Q12,0) -> 2 | S12: =products!H12 -> 7 | T12: =IF(S12<=Q12,"Kritis",IF(S12<=R12,"Menipis","Aman")) -> Aman | U12: =VLOOKUP(products!I12,Supplier!$A:$B,2,0) -> Variasi Mobil Sukowati
A13: 12 | B13: =products!B13 -> Wiper Silicone | C13: =Rekap_Penjualan_Bulanan!C13 -> 4 | D13: =Rekap_Penjualan_Bulanan!D13 -> 0 | E13: =Rekap_Penjualan_Bulanan!E13 -> 0 | F13: =Rekap_Penjualan_Bulanan!F13 -> 2 | G13: =Rekap_Penjualan_Bulanan!G13 -> 0 | H13: =1+2+3+4+5 -> 15 | I13: =SUM(C13:G13) -> 6 | J13: =SUMPRODUCT({1,2,3,4,5},C13:G13) -> 12 | K13: =1^2+2^2+3^2+4^2+5^2 -> 55 | L13: =SLOPE(C13:G13,{1,2,3,4,5}) -> -0.6 | M13: =INTERCEPT(C13:G13,{1,2,3,4,5}) -> 3 | N13: =M13+L13*6 -> -0.6 | O13: =ROUND(N13/30,2) -> -0.02 | P13: =VLOOKUP(products!I13,Supplier!$A:$E,5,0) -> 3 | Q13: =MAX(1,ROUNDUP(O13*P13*0.5,0)) -> 1 | R13: =ROUNDUP(O13*P13+Q13,0) -> 1 | S13: =products!H13 -> 4 | T13: =IF(S13<=Q13,"Kritis",IF(S13<=R13,"Menipis","Aman")) -> Aman | U13: =VLOOKUP(products!I13,Supplier!$A:$B,2,0) -> Grosir Variasi Mobil
... A26: 25 | B26: =products!B26 -> Stiker Kaca Mobil | C26: =Rekap_Penjualan_Bulanan!C26 -> 0 | D26: =Rekap_Penjualan_Bulanan!D26 -> 1 | E26: =Rekap_Penjualan_Bulanan!E26 -> 2 | F26: =Rekap_Penjualan_Bulanan!F26 -> 2 | G26: =Rekap_Penjualan_Bulanan!G26 -> 3 | H26: =1+2+3+4+5 -> 15 | I26: =SUM(C26:G26) -> 8 | J26: =SUMPRODUCT({1,2,3,4,5},C26:G26) -> 31 | K26: =1^2+2^2+3^2+4^2+5^2 -> 55 | L26: =SLOPE(C26:G26,{1,2,3,4,5}) -> 0.7 | M26: =INTERCEPT(C26:G26,{1,2,3,4,5}) -> -0.5 | N26: =M26+L26*6 -> 3.7 | O26: =ROUND(N26/30,2) -> 0.12 | P26: =VLOOKUP(products!I26,Supplier!$A:$E,5,0) -> 4 | Q26: =MAX(1,ROUNDUP(O26*P26*0.5,0)) -> 1 | R26: =ROUNDUP(O26*P26+Q26,0) -> 2 | S26: =products!H26 -> 9 | T26: =IF(S26<=Q26,"Kritis",IF(S26<=R26,"Menipis","Aman")) -> Aman | U26: =VLOOKUP(products!I26,Supplier!$A:$B,2,0) -> Istana Stadion Variasi Mobil

Sheet inventory_controls
A1: id_control | B1: id_barang | C1: hasil_regresi_linear (Y') | D1: safety_stock (SS) | E1: reorder_point (ROP) | F1: status_stok | G1: diperbarui_pada
A2: 1 | B2: 1 | C2: =ROUND(Rekap_Regresi_Linear!N2,2) -> -2.2 | D2: =Rekap_Regresi_Linear!Q2 -> 1 | E2: =Rekap_Regresi_Linear!R2 -> 1 | F2: =Rekap_Regresi_Linear!T2 -> Aman | G2: 46204.25
A3: 2 | B3: 2 | C3: =ROUND(Rekap_Regresi_Linear!N3,2) -> 4.8 | D3: =Rekap_Regresi_Linear!Q3 -> 1 | E3: =Rekap_Regresi_Linear!R3 -> 2 | F3: =Rekap_Regresi_Linear!T3 -> Aman | G3: 46204.25
A4: 3 | B4: 3 | C4: =ROUND(Rekap_Regresi_Linear!N4,2) -> -1.1 | D4: =Rekap_Regresi_Linear!Q4 -> 1 | E4: =Rekap_Regresi_Linear!R4 -> 1 | F4: =Rekap_Regresi_Linear!T4 -> Aman | G4: 46204.25
A5: 4 | B5: 4 | C5: =ROUND(Rekap_Regresi_Linear!N5,2) -> -0.4 | D5: =Rekap_Regresi_Linear!Q5 -> 1 | E5: =Rekap_Regresi_Linear!R5 -> 1 | F5: =Rekap_Regresi_Linear!T5 -> Aman | G5: 46204.25
A6: 5 | B6: 5 | C6: =ROUND(Rekap_Regresi_Linear!N6,2) -> 1.5 | D6: =Rekap_Regresi_Linear!Q6 -> 1 | E6: =Rekap_Regresi_Linear!R6 -> 2 | F6: =Rekap_Regresi_Linear!T6 -> Aman | G6: 46204.25
A7: 6 | B7: 6 | C7: =ROUND(Rekap_Regresi_Linear!N7,2) -> 0.9 | D7: =Rekap_Regresi_Linear!Q7 -> 1 | E7: =Rekap_Regresi_Linear!R7 -> 2 | F7: =Rekap_Regresi_Linear!T7 -> Aman | G7: 46204.25
A8: 7 | B8: 7 | C8: =ROUND(Rekap_Regresi_Linear!N8,2) -> 2.8 | D8: =Rekap_Regresi_Linear!Q8 -> 1 | E8: =Rekap_Regresi_Linear!R8 -> 2 | F8: =Rekap_Regresi_Linear!T8 -> Aman | G8: 46204.25
A9: 8 | B9: 8 | C9: =ROUND(Rekap_Regresi_Linear!N9,2) -> 0.2 | D9: =Rekap_Regresi_Linear!Q9 -> 1 | E9: =Rekap_Regresi_Linear!R9 -> 2 | F9: =Rekap_Regresi_Linear!T9 -> Aman | G9: 46204.25
A10: 9 | B10: 9 | C10: =ROUND(Rekap_Regresi_Linear!N10,2) -> 0.8 | D10: =Rekap_Regresi_Linear!Q10 -> 1 | E10: =Rekap_Regresi_Linear!R10 -> 2 | F10: =Rekap_Regresi_Linear!T10 -> Aman | G10: 46204.25
A11: 10 | B11: 10 | C11: =ROUND(Rekap_Regresi_Linear!N11,2) -> 0 | D11: =Rekap_Regresi_Linear!Q11 -> 1 | E11: =Rekap_Regresi_Linear!R11 -> 1 | F11: =Rekap_Regresi_Linear!T11 -> Aman | G11: 46204.25
A12: 11 | B12: 11 | C12: =ROUND(Rekap_Regresi_Linear!N12,2) -> 1.8 | D12: =Rekap_Regresi_Linear!Q12 -> 1 | E12: =Rekap_Regresi_Linear!R12 -> 2 | F12: =Rekap_Regresi_Linear!T12 -> Aman | G12: 46204.25
A13: 12 | B13: 12 | C13: =ROUND(Rekap_Regresi_Linear!N13,2) -> -0.6 | D13: =Rekap_Regresi_Linear!Q13 -> 1 | E13: =Rekap_Regresi_Linear!R13 -> 1 | F13: =Rekap_Regresi_Linear!T13 -> Aman | G13: 46204.25
... A26: 25 | B26: 25 | C26: =ROUND(Rekap_Regresi_Linear!N26,2) -> 3.7 | D26: =Rekap_Regresi_Linear!Q26 -> 1 | E26: =Rekap_Regresi_Linear!R26 -> 2 | F26: =Rekap_Regresi_Linear!T26 -> Aman | G26: 46204.25
